{
    "keep": {
        "days": true,
        "amount": 1
    },
    "auditLog": "logs\\.2555c3afd621d3f22e41396f2c8336f010e09c54-audit.json",
    "files": [
        {
            "date": 1662082862935,
            "name": "logs\\2022-09-02-10.log",
            "hash": "2b5d491e849b6f75d30c21836d66695e9ba6e20683ef27f2c8fa968e80c65424"
        },
        {
            "date": 1662084194715,
            "name": "logs\\2022-09-02-11.log",
            "hash": "8115885f49a0265d5816fd7edb314ee090e49dcff1a400377ca9303c1ebaae3d"
        },
        {
            "date": 1662094514137,
            "name": "logs\\2022-09-02-13.log",
            "hash": "04399ed1a7ae4ca72cd36183dae2dffc2c153d43709c8ceb66680efb8af68241"
        },
        {
            "date": 1662094898460,
            "name": "logs\\2022-09-02-14.log",
            "hash": "068727c1f9bee7fc9231c78c5dbdaf98a016a72c3c657cc3e654eb033079728b"
        }
    ],
    "hashType": "sha256"
}