{
    "keep": {
        "days": true,
        "amount": 1
    },
    "auditLog": "logs\\.f528f5a5f2e0bacbe1057ddd6e44746540c13e38-audit.json",
    "files": [
        {
            "date": 1662078910984,
            "name": "logs\\2022-09-02-09.log",
            "hash": "09d6674d2d8d91991427ae479cbcf1f99f1b7ff2cc0837269d52b3fa03674743"
        },
        {
            "date": 1662082086330,
            "name": "logs\\2022-09-02-10.log",
            "hash": "ea4d532de41dfc0c592ce5ca9d765f1c24f7da5a7ce2335402738055e651baec"
        }
    ],
    "hashType": "sha256"
}